view;campo;tipo;referencia;expressao;arquivo_origem
public.pw_ordem_compra;ordemcompra_assistencia_codigo_fk;foreign_key;assistencia;RQCASSIS;SQLPSG/pw_ordem_compra.sql
public.pw_ordem_compra;ordemcompra_centrocusto_codigo_fk;foreign_key;centrocusto;RQCCCUSTO;SQLPSG/pw_ordem_compra.sql
public.pw_ordem_compra;ordemcompra_contacontabil_codigo_fk;foreign_key;contacontabil;RQCCOCONTA;SQLPSG/pw_ordem_compra.sql
public.pw_ordem_compra;ordemcompra_deposito_codigo_fk;foreign_key;deposito;RQCDEPOS;SQLPSG/pw_ordem_compra.sql
public.pw_ordem_compra;ordemcompra_empresa_codigo_fk;foreign_key;empresa;RQCFORCOD;SQLPSG/pw_ordem_compra.sql
public.pw_ordem_compra;ordemcompra_funcionario_codigo_fk;foreign_key;funcionario;FUNCIONA;SQLPSG/pw_ordem_compra.sql
public.pw_ordem_compra;ordemcompra_pedidovenda_codigo_fk;foreign_key;pedidovenda;RQCPEDVE;SQLPSG/pw_ordem_compra.sql
public.pw_ordem_compra;ordemcompra_produto_codigo_fk;foreign_key;produto;PRODUTO;SQLPSG/pw_ordem_compra.sql
public.pw_ordem_compra;ordemcompra_tipocompra_codigo_fk;foreign_key;tipocompra;RQCTIPOPED;SQLPSG/pw_ordem_compra.sql
public.pw_ordem_compra;ordemcompra_codigo_pk;primary_key;ordemcompra;RQCCOD;SQLPSG/pw_ordem_compra.sql
pw_acao_assistencia;acaoassistencia_codigo_pk;primary_key;acaoassistencia;a.acocod;SQLPSG/Dimensoes.sql
pw_acao_assistencia;acaoassistencia_codigo_pk;primary_key;acaoassistencia;a.acocod;SQLPSG/pw_acao_assistencia.sql
pw_ano;ano_codigo_pk;primary_key;ano;'0'::text);SQLPSG/Dimensoes.sql
pw_ano;ano_codigo_pk;primary_key;ano;'0'::text);SQLPSG/pw_ano.sql
pw_anomes;anomes_codigo_pk;primary_key;anomes;'YYYYMM'::text);SQLPSG/Dimensoes.sql
pw_anomes;anomes_codigo_pk;primary_key;anomes;'YYYYMM'::text);SQLPSG/pw_anomes.sql
pw_assistencia;assistencia_acao_assistencia_codigo_fk;foreign_key;acao_assistencia;a1.assacao;SQLPSG/pw_assistencia.sql
pw_assistencia;assistencia_assistente_tecnico_codigo_fk;foreign_key;assistente_tecnico;a.astecnico;SQLPSG/pw_assistencia.sql
pw_assistencia;assistencia_cfop_codigo_fk;foreign_key;cfop;a.assoperaca;SQLPSG/pw_assistencia.sql
pw_assistencia;assistencia_cidade_entrega_codigo_fk;foreign_key;cidade_entrega;a.asscident;SQLPSG/pw_assistencia.sql
pw_assistencia;assistencia_condicao_pagto_codigo_fk;foreign_key;condicao_pagto;a.assconpag;SQLPSG/pw_assistencia.sql
pw_assistencia;assistencia_deposito_codigo_fk;foreign_key;deposito;a.assdeposit;SQLPSG/pw_assistencia.sql
pw_assistencia;assistencia_empresa_codigo_fk;foreign_key;empresa;a.asscliente;SQLPSG/pw_assistencia.sql
pw_assistencia;assistencia_modcobranca_codigo_fk;foreign_key;modcobranca;a.assmodcob;SQLPSG/pw_assistencia.sql
pw_assistencia;assistencia_motivo_assistencia_codigo_fk;foreign_key;motivo_assistencia;a1.aspmotivo;SQLPSG/pw_assistencia.sql
pw_assistencia;assistencia_produto_codigo_fk;foreign_key;produto;a1.aspproduto;SQLPSG/pw_assistencia.sql
pw_assistencia;assistencia_tabelavenda_codigo_fk;foreign_key;tabelavenda;a.asstabpre;SQLPSG/pw_assistencia.sql
pw_assistencia;assistencia_tipo_assistencia_codigo_fk;foreign_key;tipo_assistencia;a.asstipo;SQLPSG/pw_assistencia.sql
pw_assistencia;assistencia_vendedor_codigo_fk;foreign_key;vendedor;"CASE
            WHEN par.aspmarep = 'S'::bpchar THEN comi.comiarec
            ELSE a.assrepres::bigint
        END";SQLPSG/pw_assistencia.sql
pw_assistencia;assistencia_codigo_pk;primary_key;assistencia;a.assistec;SQLPSG/pw_assistencia.sql
pw_assistente_tecnico;assistentetecnico_codigo_pk;primary_key;assistentetecnico;e.empresa;SQLPSG/Dimensoes.sql
pw_assistente_tecnico;assistentetecnico_codigo_pk;primary_key;assistentetecnico;e.empresa;SQLPSG/pw_assistente_tecnico.sql
pw_banco;banco_codigo_pk;primary_key;banco;b.banco;SQLPSG/Dimensoes.sql
pw_banco;banco_codigo_pk;primary_key;banco;b.banco;SQLPSG/pw_banco.sql
pw_bimestre;bimestre_codigo_pk;primary_key;bimestre;'0'::text);SQLPSG/Dimensoes.sql
pw_bimestre;bimestre_codigo_pk;primary_key;bimestre;'0'::text);SQLPSG/pw_bimestre.sql
pw_ccusto_credito;ccustocredito_codigo_pk;primary_key;ccustocredito;c.ccusto;SQLPSG/Dimensoes.sql
pw_ccusto_credito;ccustocredito_codigo_pk;primary_key;ccustocredito;c.ccusto;SQLPSG/pw_ccusto_credito.sql
pw_ccusto_debito;ccustodebito_codigo_pk;primary_key;ccustodebito;c.ccusto;SQLPSG/Dimensoes.sql
pw_ccusto_debito;ccustodebito_codigo_pk;primary_key;ccustodebito;c.ccusto;SQLPSG/pw_ccusto_debito.sql
pw_ccusto_desconto_credito;ccustodescontocredito_codigo_pk;primary_key;ccustodescontocredito;c.ccusto;SQLPSG/Dimensoes.sql
pw_ccusto_desconto_credito;ccustodescontocredito_codigo_pk;primary_key;ccustodescontocredito;c.ccusto;SQLPSG/pw_ccusto_desconto_credito.sql
pw_ccusto_desconto_debito;ccustodescontodebito_codigo_pk;primary_key;ccustodescontodebito;c.ccusto;SQLPSG/Dimensoes.sql
pw_ccusto_desconto_debito;ccustodescontodebito_codigo_pk;primary_key;ccustodescontodebito;c.ccusto;SQLPSG/pw_ccusto_desconto_debito.sql
pw_ccusto_iof_debito;ccustoiofdebito_codigo_pk;primary_key;ccustoiofdebito;c.ccusto;SQLPSG/Dimensoes.sql
pw_ccusto_iof_debito;ccustoiofdebito_codigo_pk;primary_key;ccustoiofdebito;c.ccusto;SQLPSG/pw_ccusto_iof_debito.sql
pw_ccusto_juros_credito;ccustojuroscredito_codigo_pk;primary_key;ccustojuroscredito;c.ccusto;SQLPSG/Dimensoes.sql
pw_ccusto_juros_credito;ccustojuroscredito_codigo_pk;primary_key;ccustojuroscredito;c.ccusto;SQLPSG/pw_ccusto_juros_credito.sql
pw_ccusto_juros_debito;ccustojurosdebito_codigo_pk;primary_key;ccustojurosdebito;c.ccusto;SQLPSG/Dimensoes.sql
pw_ccusto_juros_debito;ccustojurosdebito_codigo_pk;primary_key;ccustojurosdebito;c.ccusto;SQLPSG/pw_ccusto_juros_debito.sql
pw_ccusto_multa_credito;ccustomultacredito_codigo_pk;primary_key;ccustomultacredito;c.ccusto;SQLPSG/pw_ccusto_multa_credito.sql
pw_ccusto_multa_debito;ccustomultadebito_codigo_pk;primary_key;ccustomultadebito;c.ccusto;SQLPSG/pw_ccusto_multa_debito.sql
pw_ccusto_tarifa_credito;ccustotarifacredito_codigo_pk;primary_key;ccustotarifacredito;c.ccusto;SQLPSG/Dimensoes.sql
pw_ccusto_tarifa_credito;ccustotarifacredito_codigo_pk;primary_key;ccustotarifacredito;c.ccusto;SQLPSG/pw_ccusto_tarifa_credito.sql
pw_ccusto_tarifa_debito;ccustotarifadebito_codigo_pk;primary_key;ccustotarifadebito;c.ccusto;SQLPSG/Dimensoes.sql
pw_ccusto_tarifa_debito;ccustotarifadebito_codigo_pk;primary_key;ccustotarifadebito;c.ccusto;SQLPSG/pw_ccusto_tarifa_debito.sql
pw_centro_custo;centrocusto_codigo_pk;primary_key;centrocusto;c.ccusto;SQLPSG/Dimensoes.sql
pw_centro_custo;centrocusto_codigo_pk;primary_key;centrocusto;c.ccusto;SQLPSG/pw_centro_custo.sql
pw_cfop;cfop_transacao_codigo_fk;foreign_key;transacao;opera.opetransac;SQLPSG/Dimensoes.sql
pw_cfop;cfop_transacao_codigo_fk;foreign_key;transacao;opera.opetransac;SQLPSG/pw_cfop.sql
pw_cfop;cfop_codigo_pk;primary_key;cfop;opera.operacao;SQLPSG/Dimensoes.sql
pw_cfop;cfop_codigo_pk;primary_key;cfop;opera.operacao;SQLPSG/pw_cfop.sql
pw_cfop_item;cfopitem_transacao_codigo_fk;foreign_key;transacao;opera.opetransac;SQLPSG/pw_cfop_item.sql
pw_cfop_item;cfopitem_codigo_pk;primary_key;cfopitem;opera.operacao;SQLPSG/pw_cfop_item.sql
pw_cheque_proprio;chequeproprio_banco_codigo_fk;foreign_key;banco;"select
	banco";SQLPSG/pw_cheque_proprio.sql
pw_cheque_proprio;chequeproprio_deposito_codigo_fk;foreign_key;deposito;chdeposito;SQLPSG/pw_cheque_proprio.sql
pw_cidade;cidade_estado_codigo_fk;foreign_key;estado;c.estado;SQLPSG/Dimensoes.sql
pw_cidade;cidade_estado_codigo_fk;foreign_key;estado;c.estado;SQLPSG/pw_cidade.sql
pw_cidade;cidade_codigo_pk;primary_key;cidade;c.cidade;SQLPSG/Dimensoes.sql
pw_cidade;cidade_codigo_pk;primary_key;cidade;c.cidade;SQLPSG/pw_cidade.sql
pw_cidade_cobranca;cidadecobranca_estadocobranca_codigo_fk;foreign_key;estadocobranca;c.estado;SQLPSG/pw_cidade_cobranca.sql
pw_cidade_cobranca;cidadecobranca_codigo_pk;primary_key;cidadecobranca;c.cidade;SQLPSG/pw_cidade_cobranca.sql
pw_cidade_deposito;cidadedeposito_estadodeposito_codigo_fk;foreign_key;estadodeposito;c.estado;SQLPSG/pw_cidade_deposito.sql
pw_cidade_deposito;cidadedeposito_codigo_pk;primary_key;cidadedeposito;c.cidade;SQLPSG/pw_cidade_deposito.sql
pw_cidade_entrega;cidadeentrega_estado_entrega_codigo_fk;foreign_key;estado_entrega;c.estado;SQLPSG/pw_cidade_entrega.sql
pw_cidade_entrega;cidadeentrega_regiao_carga_codigo_fk;foreign_key;regiao_carga;c.rgccicod;SQLPSG/pw_cidade_entrega.sql
pw_cidade_entrega;cidadeentrega_codigo_pk;primary_key;cidadeentrega;c.cidade;SQLPSG/pw_cidade_entrega.sql
pw_cidade_vendedor;cidadevendedor_estadovendedor_codigo_fk;foreign_key;estadovendedor;c.estado;SQLPSG/pw_cidade_vendedor.sql
pw_cidade_vendedor;cidadevendedor_codigo_pk;primary_key;cidadevendedor;c.cidade;SQLPSG/pw_cidade_vendedor.sql
pw_classificacao_fiscal;classificacao_fiscal_codigo_pk;primary_key;classificacao_fiscal;c.clascod;SQLPSG/pw_classificacao_fiscal.sql
pw_compra;compra_cfop_codigo_fk;foreign_key;cfop;d.operacao;SQLPSG/pw_compra.sql
pw_compra;compra_cfop_codigo_fk;foreign_key;cfop;d.operacao;SQLPSG/pw_compra.sql
pw_compra;compra_deposito_codigo_fk;foreign_key;deposito;d.notdepori;SQLPSG/pw_compra.sql
pw_compra;compra_deposito_codigo_fk;foreign_key;deposito;d.notdepori;SQLPSG/pw_compra.sql
pw_compra;compra_empresa_codigo_fk;foreign_key;empresa;d.notclifor;SQLPSG/pw_compra.sql
pw_compra;compra_empresa_codigo_fk;foreign_key;empresa;d.notclifor;SQLPSG/pw_compra.sql
pw_compra;compra_produto_codigo_fk;foreign_key;produto;toq.priproduto;SQLPSG/pw_compra.sql
pw_compra;compra_produto_codigo_fk;foreign_key;produto;toq.priproduto;SQLPSG/pw_compra.sql
pw_comprador;comprador_codigo_pk;primary_key;comprador;c.comprador;SQLPSG/Dimensoes.sql
pw_comprador;comprador_codigo_pk;primary_key;comprador;c.comprador;SQLPSG/pw_comprador.sql
pw_condicao_pagto;condicaopagto_codigo_pk;primary_key;condicaopagto;condpag.condicao;SQLPSG/Dimensoes.sql
pw_condicao_pagto;condicaopagto_codigo_pk;primary_key;condicaopagto;condpag.condicao;SQLPSG/pw_condicao_pagto.sql
pw_conta_contabil;contacontabil_codigo_pk;primary_key;contacontabil;p.planoc;SQLPSG/pw_conta_contabil.sql
pw_conta_credito;contacredito_codigo_pk;primary_key;contacredito;p.planoc;SQLPSG/Dimensoes.sql
pw_conta_credito;contacredito_codigo_pk;primary_key;contacredito;p.planoc;SQLPSG/pw_conta_credito.sql
pw_conta_debito;contadebito_codigo_pk;primary_key;contadebito;p.planoc;SQLPSG/Dimensoes.sql
pw_conta_debito;contadebito_codigo_pk;primary_key;contadebito;p.planoc;SQLPSG/pw_conta_debito.sql
pw_conta_desconto_credito;contadescontocredito_codigo_pk;primary_key;contadescontocredito;p.planoc;SQLPSG/Dimensoes.sql
pw_conta_desconto_credito;contadescontocredito_codigo_pk;primary_key;contadescontocredito;p.planoc;SQLPSG/pw_conta_desconto_credito.sql
pw_conta_desconto_debito;contadescontodebito_codigo_pk;primary_key;contadescontodebito;p.planoc;SQLPSG/Dimensoes.sql
pw_conta_desconto_debito;contadescontodebito_codigo_pk;primary_key;contadescontodebito;p.planoc;SQLPSG/pw_conta_desconto_debito.sql
pw_conta_iof_debito;contaiofdebito_codigo_pk;primary_key;contaiofdebito;p.planoc;SQLPSG/Dimensoes.sql
pw_conta_iof_debito;contaiofdebito_codigo_pk;primary_key;contaiofdebito;p.planoc;SQLPSG/pw_conta_iof_debito.sql
pw_conta_juros_credito;contajuroscredito_codigo_pk;primary_key;contajuroscredito;p.planoc;SQLPSG/Dimensoes.sql
pw_conta_juros_credito;contajuroscredito_codigo_pk;primary_key;contajuroscredito;p.planoc;SQLPSG/pw_conta_juros_credito.sql
pw_conta_juros_debito;contajurosdebito_codigo_pk;primary_key;contajurosdebito;p.planoc;SQLPSG/Dimensoes.sql
pw_conta_juros_debito;contajurosdebito_codigo_pk;primary_key;contajurosdebito;p.planoc;SQLPSG/pw_conta_juros_debito.sql
pw_conta_multa_credito;contamultacredito_codigo_pk;primary_key;contamultacredito;p.planoc;SQLPSG/pw_conta_multa_credito.sql
pw_conta_multa_debito;contamultadebito_codigo_pk;primary_key;contamultadebito;p.planoc;SQLPSG/pw_conta_multa_debito.sql
pw_conta_reduzida_credito;contareduzidacredito_codigo_pk;primary_key;contareduzidacredito;"distinct
       r.conta::character(15)";SQLPSG/Dimensoes.sql
pw_conta_reduzida_credito;contareduzidacredito_codigo_pk;primary_key;contareduzidacredito;DISTINCT r.conta::character(15);SQLPSG/pw_conta_reduzida_credito.sql
pw_conta_reduzida_debito;contareduzidadebito_codigo_pk;primary_key;contareduzidadebito;"distinct
       r.conta::character(15)";SQLPSG/Dimensoes.sql
pw_conta_reduzida_debito;contareduzidadebito_codigo_pk;primary_key;contareduzidadebito;DISTINCT r.conta::character(15);SQLPSG/pw_conta_reduzida_debito.sql
pw_conta_reduzida_desconto_credito;contareduzidadescontocredito_codigo_pk;primary_key;contareduzidadescontocredito;"distinct
       p.plcproc";SQLPSG/Dimensoes.sql
pw_conta_reduzida_desconto_credito;contareduzidadescontocredito_codigo_pk;primary_key;contareduzidadescontocredito;DISTINCT p.plcproc;SQLPSG/pw_conta_reduzida_desconto_credito.sql
pw_conta_reduzida_desconto_debito;contareduzidadescontodebito_codigo_pk;primary_key;contareduzidadescontodebito;"distinct
       p.plcproc::character(15)";SQLPSG/Dimensoes.sql
pw_conta_reduzida_desconto_debito;contareduzidadescontodebito_codigo_pk;primary_key;contareduzidadescontodebito;DISTINCT p.plcproc::character(15);SQLPSG/pw_conta_reduzida_desconto_debito.sql
pw_conta_reduzida_iof_debito;contareduzidaiofdebito_codigo_pk;primary_key;contareduzidaiofdebito;"distinct
       p.plcproc";SQLPSG/Dimensoes.sql
pw_conta_reduzida_iof_debito;contareduzidaiofdebito_codigo_pk;primary_key;contareduzidaiofdebito;DISTINCT p.plcproc;SQLPSG/pw_conta_reduzida_iof_debito.sql
pw_conta_reduzida_juros_credito;contareduzidajuroscredito_codigo_pk;primary_key;contareduzidajuroscredito;"distinct
       p.plcproc";SQLPSG/Dimensoes.sql
pw_conta_reduzida_juros_credito;contareduzidajuroscredito_codigo_pk;primary_key;contareduzidajuroscredito;DISTINCT p.plcproc;SQLPSG/pw_conta_reduzida_juros_credito.sql
pw_conta_reduzida_juros_debito;contareduzidajurosdebito_codigo_pk;primary_key;contareduzidajurosdebito;"distinct
       p.plcproc";SQLPSG/Dimensoes.sql
pw_conta_reduzida_juros_debito;contareduzidajurosdebito_codigo_pk;primary_key;contareduzidajurosdebito;DISTINCT p.plcproc;SQLPSG/pw_conta_reduzida_juros_debito.sql
pw_conta_reduzida_multa_credito;contareduzidamultacredito_codigo_pk;primary_key;contareduzidamultacredito;DISTINCT p.plcproc;SQLPSG/pw_conta_reduzida_multa_credito.sql
pw_conta_reduzida_multa_debito;contareduzidamultadebito_codigo_pk;primary_key;contareduzidamultadebito;DISTINCT p.plcproc;SQLPSG/pw_conta_reduzida_multa_debito.sql
pw_conta_reduzida_tarifa_credito;contareduzidatarifacredito_codigo_pk;primary_key;contareduzidatarifacredito;"distinct
       p.plcproc";SQLPSG/Dimensoes.sql
pw_conta_reduzida_tarifa_credito;contareduzidatarifacredito_codigo_pk;primary_key;contareduzidatarifacredito;DISTINCT p.plcproc;SQLPSG/pw_conta_reduzida_tarifa_credito.sql
pw_conta_reduzida_tarifa_debito;contareduzidatarifadebito_codigo_pk;primary_key;contareduzidatarifadebito;"distinct
       p.plcproc";SQLPSG/Dimensoes.sql
pw_conta_reduzida_tarifa_debito;contareduzidatarifadebito_codigo_pk;primary_key;contareduzidatarifadebito;"distinct
       p.plcproc";SQLPSG/pw_conta_reduzida_tarifa_debito.sql
pw_conta_tarifa_credito;contatarifacredito_codigo_pk;primary_key;contatarifacredito;p.planoc;SQLPSG/Dimensoes.sql
pw_conta_tarifa_credito;contatarifacredito_codigo_pk;primary_key;contatarifacredito;p.planoc;SQLPSG/pw_conta_tarifa_credito.sql
pw_conta_tarifa_debito;contatarifadebito_codigo_pk;primary_key;contatarifadebito;p.planoc;SQLPSG/Dimensoes.sql
pw_conta_tarifa_debito;contatarifadebito_codigo_pk;primary_key;contatarifadebito;p.planoc;SQLPSG/pw_conta_tarifa_debito.sql
pw_cotacao;cotacao_empresa_codigo_fk;foreign_key;empresa;nco.ncotempr;SQLPSG/pw_cotacao.sql
pw_cotacao;cotacao_produto_codigo_fk;foreign_key;produto;nco1.ncotprod;SQLPSG/pw_cotacao.sql
pw_custo_medio;customedio_codigo_pk;primary_key;customedio;prod.produto::text || dep.deposito;SQLPSG/pw_custo_medio.sql
pw_custo_medio_posicao;customedioposicao_deposito_codigo_fk;foreign_key;deposito;possali1.deposito::numeric;SQLPSG/pw_custo_medio_posicao.sql
pw_custo_medio_posicao;customedioposicao_produto_codigo_fk;foreign_key;produto;possali1.produto::text;SQLPSG/pw_custo_medio_posicao.sql
pw_custo_reposicao_historico;custoreposicaohistorico_deposito_codigo_fk;foreign_key;deposito;hiscusto.hicudepo;SQLPSG/pw_custo_reposicao_historico.sql
pw_custo_reposicao_historico;custoreposicaohistorico_produto_codigo_fk;foreign_key;produto;hiscusto.hicuproco;SQLPSG/pw_custo_reposicao_historico.sql
pw_custos;custos_deposito_codigo_fk;foreign_key;deposito;pw_custo_medio_posicao.customedioposicao_deposito_codigo_fk;SQLPSG/pw_custos.sql
pw_custos;custos_deposito_codigo_fk;foreign_key;deposito;pw_custo_reposicao_historico.custoreposicaohistorico_deposito_codigo_fk;SQLPSG/pw_custos.sql
pw_custos;custos_produto_codigo_fk;foreign_key;produto;pw_custo_medio_posicao.customedioposicao_produto_codigo_fk;SQLPSG/pw_custos.sql
pw_custos;custos_produto_codigo_fk;foreign_key;produto;"NULL::text AS ""custos_hora""
   FROM pw_custo_medio_posicao
UNION ALL
 SELECT pw_custo_reposicao_historico.custoreposicaohistorico_produto_codigo_fk";SQLPSG/pw_custos.sql
pw_deposito;deposito_cidadedeposito_codigo_fk;foreign_key;cidadedeposito;d.depcidade;SQLPSG/pw_deposito.sql
pw_deposito;deposito_codigo_pk;primary_key;deposito;d.deposito;SQLPSG/Dimensoes.sql
pw_deposito;deposito_codigo_pk;primary_key;deposito;d.deposito;SQLPSG/pw_deposito.sql
pw_deposito_fin;depositofin_codigo_pk;primary_key;depositofin;d.deposito;SQLPSG/pw_deposito_fin.sql
pw_dia;dia_codigo_pk;primary_key;dia;'0'::text);SQLPSG/Dimensoes.sql
pw_dia;dia_codigo_pk;primary_key;dia;'0'::text);SQLPSG/pw_dia.sql
pw_eficiencia_funcionario;eficienciafuncionario_funcionario_codigo_fk;foreign_key;funcionario;p.plafuncion;SQLPSG/pw_eficiencia_funcionario.sql
pw_eficiencia_funcionario;eficienciafuncionario_ordem_codigo_fk;foreign_key;ordem;DISTINCT p.plaordem;SQLPSG/pw_eficiencia_funcionario.sql
pw_eficiencia_of;eficienciaof_ordem_codigo_fk;foreign_key;ordem;DISTINCT p.plaordem;SQLPSG/pw_eficiencia_of.sql
pw_empresa;empresa_cidade_codigo_fk;foreign_key;cidade;e.empcidade;SQLPSG/Dimensoes.sql
pw_empresa;empresa_cidade_codigo_fk;foreign_key;cidade;e.empcidade;SQLPSG/pw_empresa.sql
pw_empresa;empresa_cidade_codigo_fk;foreign_key;cidade;e.empcidade;SQLPSG/pw_empresa_NAO_MEXER_Usar_a_da_pasta_SQLPSG_3024032.sql
pw_empresa;empresa_cidadecobranca_codigo_fk;foreign_key;cidadecobranca;e.empcidcob;SQLPSG/pw_empresa.sql
pw_empresa;empresa_cidadecobranca_codigo_fk;foreign_key;cidadecobranca;e.empcidcob;SQLPSG/pw_empresa_NAO_MEXER_Usar_a_da_pasta_SQLPSG_3024032.sql
pw_empresa;empresa_grupo_economico_codigo_fk;foreign_key;grupo_economico;g.grecodigo;SQLPSG/Dimensoes.sql
pw_empresa;empresa_grupo_economico_codigo_fk;foreign_key;grupo_economico;g.grecodigo;SQLPSG/pw_empresa.sql
pw_empresa;empresa_grupo_economico_codigo_fk;foreign_key;grupo_economico;g.grecodigo;SQLPSG/pw_empresa_NAO_MEXER_Usar_a_da_pasta_SQLPSG_3024032.sql
pw_empresa;empresa_macro_regiao_codigo_fk;foreign_key;macro_regiao;c.cmeabrcod;SQLPSG/Dimensoes.sql
pw_empresa;empresa_regiao_abrangencia_codigo_fk;foreign_key;regiao_abrangencia;c.cmeabrmcod;SQLPSG/Dimensoes.sql
pw_empresa;macro_regiao_codigo_fk;foreign_key;regiao;c.cmeabrcod;SQLPSG/pw_empresa.sql
pw_empresa;macro_regiao_codigo_fk;foreign_key;regiao;c.cmeabrcod;SQLPSG/pw_empresa_NAO_MEXER_Usar_a_da_pasta_SQLPSG_3024032.sql
pw_empresa;regiao_abrangencia_codigo_fk;foreign_key;abrangencia;c.cmeabrmcod;SQLPSG/pw_empresa.sql
pw_empresa;regiao_abrangencia_codigo_fk;foreign_key;abrangencia;c.cmeabrmcod;SQLPSG/pw_empresa_NAO_MEXER_Usar_a_da_pasta_SQLPSG_3024032.sql
pw_empresa;empresa_codigo_pk;primary_key;empresa;e.empresa;SQLPSG/Dimensoes.sql
pw_empresa;empresa_codigo_pk;primary_key;empresa;e.empresa;SQLPSG/pw_empresa.sql
pw_empresa;empresa_codigo_pk;primary_key;empresa;e.empresa;SQLPSG/pw_empresa_NAO_MEXER_Usar_a_da_pasta_SQLPSG_3024032.sql
pw_estado;estado_pais_codigo_fk;foreign_key;pais;e.pais;SQLPSG/Dimensoes.sql
pw_estado;estado_pais_codigo_fk;foreign_key;pais;e.pais;SQLPSG/pw_estado.sql
pw_estado;estado_codigo_pk;primary_key;estado;e.estado;SQLPSG/Dimensoes.sql
pw_estado;estado_codigo_pk;primary_key;estado;e.estado;SQLPSG/pw_estado.sql
pw_estado_cobranca;estadocobranca_paiscobranca_codigo_fk;foreign_key;paiscobranca;e.pais;SQLPSG/pw_estado_cobranca.sql
pw_estado_cobranca;estadocobranca_codigo_pk;primary_key;estadocobranca;e.estado;SQLPSG/pw_estado_cobranca.sql
pw_estado_deposito;estadodeposito_paisdeposito_codigo_fk;foreign_key;paisdeposito;e.pais;SQLPSG/pw_estado_deposito.sql
pw_estado_deposito;estadodeposito_codigo_pk;primary_key;estadodeposito;e.estado;SQLPSG/pw_estado_deposito.sql
pw_estado_entrega;estadoentrega_pais_entrega_codigo_fk;foreign_key;pais_entrega;e.pais;SQLPSG/pw_estado_entrega.sql
pw_estado_entrega;estadoentrega_codigo_pk;primary_key;estadoentrega;e.estado;SQLPSG/pw_estado_entrega.sql
pw_estado_vendedor;estadovendedor_paisvendedor_codigo_fk;foreign_key;paisvendedor;e.pais;SQLPSG/pw_estado_vendedor.sql
pw_estado_vendedor;estadovendedor_codigo_pk;primary_key;estadovendedor;e.estado;SQLPSG/pw_estado_vendedor.sql
pw_fase_producao;faseproducao_codigo_pk;primary_key;faseproducao;f.fase;SQLPSG/Dimensoes.sql
pw_fase_producao;faseproducao_codigo_pk;primary_key;faseproducao;f.fase;SQLPSG/pw_fase_producao.sql
pw_faturamento;faturamento_cfop_codigo_fk;foreign_key;cfop;doc.operacao;SQLPSG/pw_faturamento.sql
pw_faturamento;faturamento_cfop_codigo_fk;foreign_key;cfop;doc.operacao;SQLPSG/pw_faturamento.sql
pw_faturamento;faturamento_cfopitem_codigo_fk;foreign_key;cfopitem;t.operacao;SQLPSG/pw_faturamento.sql
pw_faturamento;faturamento_cfopitem_codigo_fk;foreign_key;cfopitem;t.operacao;SQLPSG/pw_faturamento.sql
pw_faturamento;faturamento_cidade_entrega_codigo_fk;foreign_key;cidade_entrega;lcn.lcncidade;SQLPSG/pw_faturamento.sql
pw_faturamento;faturamento_cidade_entrega_codigo_fk;foreign_key;cidade_entrega;lcn.lcncidade;SQLPSG/pw_faturamento.sql
pw_faturamento;faturamento_condicaopagto_codigo_fk;foreign_key;condicaopagto;doc.notcondica;SQLPSG/pw_faturamento.sql
pw_faturamento;faturamento_condicaopagto_codigo_fk;foreign_key;condicaopagto;doc.notcondica;SQLPSG/pw_faturamento.sql
pw_faturamento;faturamento_deposito_codigo_fk;foreign_key;deposito;t.prideposit;SQLPSG/pw_faturamento.sql
pw_faturamento;faturamento_deposito_codigo_fk;foreign_key;deposito;t.prideposit;SQLPSG/pw_faturamento.sql
pw_faturamento;faturamento_empresa_codigo_fk;foreign_key;empresa;doc.notclifor;SQLPSG/pw_faturamento.sql
pw_faturamento;faturamento_empresa_codigo_fk;foreign_key;empresa;doc.notclifor;SQLPSG/pw_faturamento.sql
pw_faturamento;faturamento_produto_codigo_fk;foreign_key;produto;t.priproduto;SQLPSG/pw_faturamento.sql
pw_faturamento;faturamento_produto_codigo_fk;foreign_key;produto;t.priproduto;SQLPSG/pw_faturamento.sql
pw_faturamento;faturamento_redespacho_codigo_fk;foreign_key;redespacho;doc.nostredesp;SQLPSG/pw_faturamento.sql
pw_faturamento;faturamento_redespacho_codigo_fk;foreign_key;redespacho;doc.nostredesp;SQLPSG/pw_faturamento.sql
pw_faturamento;faturamento_tabela_preco_item_codigo_fk;foreign_key;tabela_preco_item;btrim(t.pritabpre::text || '-'::text) || btrim(t.priproduto::text);SQLPSG/pw_faturamento.sql
pw_faturamento;faturamento_tabela_preco_item_codigo_fk;foreign_key;tabela_preco_item;btrim(t.pritabpre::text || '-'::text) || btrim(t.priproduto::text);SQLPSG/pw_faturamento.sql
pw_faturamento;faturamento_tabela_venda_codigo_fk;foreign_key;tabela_venda;t.pritabpre;SQLPSG/pw_faturamento.sql
pw_faturamento;faturamento_tabela_venda_codigo_fk;foreign_key;tabela_venda;t.pritabpre;SQLPSG/pw_faturamento.sql
pw_faturamento;faturamento_transportadora_codigo_fk;foreign_key;transportadora;doc.nostransp;SQLPSG/pw_faturamento.sql
pw_faturamento;faturamento_transportadora_codigo_fk;foreign_key;transportadora;doc.nostransp;SQLPSG/pw_faturamento.sql
pw_faturamento;faturamento_vendedor_codigo_fk;foreign_key;vendedor;ven1.comnvende;SQLPSG/pw_faturamento.sql
pw_faturamento;faturamento_vendedor_codigo_fk;foreign_key;vendedor;dvv.ven1;SQLPSG/pw_faturamento.sql
pw_financeiro;financeiro_banco_codigo_fk;foreign_key;banco;"CASE
                WHEN NOT deb.lacbanco IS NULL THEN deb.lacbanco
                WHEN NOT rec.lacbanco IS NULL THEN rec.lacbanco
                WHEN NOT lam.lacbanco IS NULL THEN lam.lacbanco
                WHEN NOT sac.lacbanco IS NULL THEN sac.lacbanco
                WHEN NOT dud.lacbanco IS NULL THEN dud.lacbanco
                ELSE l.lacbanco
            END";SQLPSG/pw_financeiro.sql
pw_financeiro;financeiro_ccusto_credito_codigo_fk;foreign_key;ccusto_credito;"CASE
                WHEN l.lactransa = 'A'::bpchar THEN deb.lacccusto::text
                WHEN l.lactransa = 'B'::bpchar THEN aux.laaccusto::text
                WHEN l.lactransa = 'D'::bpchar THEN dep.pcxcccaixa::text
                WHEN l.lactransa = 'Q'::bpchar THEN aux.laaccusto::text
                WHEN l.lactransa = 'T'::bpchar THEN l.lacccusto::text
                WHEN l.lactransa = 'E'::bpchar THEN l.lacccusto::text
                WHEN l.lactransa = 'H'::bpchar THEN l.lacccusto::text
                WHEN l.lactransa = '1'::bpchar THEN l.lacccusto::text
                WHEN l.lactransa = '2'::bpchar THEN l.lacccusto::text
                WHEN l.lactransa = '4'::bpchar THEN aux.laaccusto::text
                WHEN l.lactransa = '9'::bpchar THEN l.lacccusto::text
                WHEN l.lactransa = '0'::bpchar THEN aux.laaccusto::text
                WHEN l.lactransa = 'G'::bpchar THEN l.lacccusto::text
                WHEN l.lactransa = 'F'::bpchar THEN dep.pcxcccheq::text
                WHEN l.lactransa = 'N'::bpchar THEN l.lacccusto::text
                WHEN l.lactransa = 'R'::bpchar THEN l.lacccusto::text
                WHEN l.lactransa = 'P'::bpchar THEN dep.pcxcccaixa::text
                WHEN l.lactransa = '8'::bpchar THEN l.lacccusto::text
                WHEN l.lactransa = '3'::bpchar THEN dep.pcxcccaixa::text
                WHEN l.lactransa = 'J'::bpchar THEN dep.pcxcccheq::text
                WHEN l.lactransa = 'Y'::bpchar THEN dep.pcxcccheq::text
                WHEN l.lactransa = '6'::bpchar THEN aux.laaccusto::text
                WHEN l.lactransa = 'S'::bpchar THEN l.lacccusto::text
                WHEN l.lactransa = '5'::bpchar THEN dep.pcxcccaixa::text
                WHEN l.lactransa = '7'::bpchar THEN l.lacccusto::text
                when l.lactransa = 'M'::bpchar then case
                    when lac.lactransa = 'P'::bpchar then case
                        when lcmul.constalacmul > 0 then case
                            when chq.constachquso1 > 0 then case
                                when length(btrim(prt1.prt1pcdeb::text)) > 0 then prt1.prt1ccdeb::text
                                else case
                                    when length(btrim(prt12.prt1pcdeb::text)) > 0 then prt12.prt1ccdeb::text
                                    else ''::text
                                end
                            end
                            else case
                                when chq2.constachquso2 > 0
                                and cprm.naopreenchidopcxpccheq = 0 then dep.pcxcccaixa::text
                                else dep.pcxcccheq::text
                            end
                        end
                        else null::text
                    end
                    else lac.lacccusto::text
                end
                else ''::text
            END";SQLPSG/pw_financeiro.sql
pw_financeiro;financeiro_ccusto_debito_codigo_fk;foreign_key;ccusto_debito;"CASE
                WHEN l.lactransa = 'A'::bpchar THEN l.lacccusto::text
                WHEN l.lactransa = 'B'::bpchar THEN l.lacccusto::text
                WHEN l.lactransa = 'D'::bpchar THEN l.lacccusto::text
                WHEN l.lactransa = 'Q'::bpchar THEN l.lacccusto::text
                WHEN l.lactransa = 'U'::bpchar THEN l.lacccusto::text
                WHEN l.lactransa = 'E'::bpchar THEN aux.laaccusto::text
                WHEN l.lactransa = 'H'::bpchar THEN rec.lacccusto::text
                WHEN l.lactransa = '1'::bpchar THEN dep.pcxcccaixa::text
                WHEN l.lactransa = '2'::bpchar THEN aux.laaccusto::text
                WHEN l.lactransa = '4'::bpchar THEN l.lacccusto::text
                WHEN l.lactransa = '9'::bpchar THEN aux.laaccusto::text
                WHEN l.lactransa = '0'::bpchar THEN l.lacccusto::text
                WHEN l.lactransa = 'G'::bpchar THEN dep.pcxcccheq::text
                WHEN l.lactransa = 'F'::bpchar THEN l.lacccusto::text
                WHEN l.lactransa = 'R'::bpchar THEN dep.pcxcccaixa::text
                WHEN l.lactransa = 'P'::bpchar THEN l.lacccusto::text
                WHEN l.lactransa = '8'::bpchar THEN aux.laaccusto::text
                WHEN l.lactransa = '3'::bpchar THEN l.lacccusto::text
                WHEN l.lactransa = 'J'::bpchar THEN aux.laaccusto::text
                WHEN l.lactransa = 'Y'::bpchar THEN dep.pcxcccaixa::text
                WHEN l.lactransa = '6'::bpchar THEN l.lacccusto::text
                WHEN l.lactransa = 'S'::bpchar THEN dep.pcxcccaixa::text
                WHEN l.lactransa = '5'::bpchar THEN l.lacccusto::text
                WHEN l.lactransa = '7'::bpchar THEN dep.pcxcccaixa::text
                when l.lactransa = 'M'::bpchar then l.lacccusto::text
                ELSE ''::text
            END";SQLPSG/pw_financeiro.sql
pw_financeiro;financeiro_ccusto_desconto_credito_codigo_fk;foreign_key;ccusto_desconto_credito;"CASE
                WHEN l.lacdesco > 0::numeric
                AND l.lactransa = 'A'::bpchar THEN jur.lajdccusto::text
                WHEN l.lacdesco > 0::numeric
                AND l.lactransa = 'E'::bpchar THEN jur.lajdccusto::text
                WHEN l.lacdesco > 0::numeric
                AND l.lactransa = 'I'::bpchar THEN jur.lajdccusto::text
                WHEN l.lacdesco > 0::numeric
                AND l.lactransa = 'M'::bpchar THEN jur.lajdccusto::text
                WHEN l.lacdesco > 0::numeric
                AND l.lactransa = 'P'::bpchar THEN jur.lajdccusto::text
                WHEN l.lacdesco > 0::numeric
                AND l.lactransa = 'Q'::bpchar THEN jur.lajdccusto::text
                WHEN l.lacdesco > 0::numeric
                AND l.lactransa = '0'::bpchar THEN jur.lajdccusto::text
                WHEN l.lacdesco > 0::numeric
                AND l.lactransa = 'R'::bpchar THEN l.lacccusto::text
                ELSE ''::text
            END";SQLPSG/pw_financeiro.sql
pw_financeiro;financeiro_ccusto_desconto_debito_codigo_fk;foreign_key;ccusto_desconto_debito;"CASE
                WHEN l.lacdesco > 0::numeric
                AND l.lactransa = 'E'::bpchar THEN aux.laaccusto::text
                WHEN l.lacdesco > 0::numeric
                AND l.lactransa = 'G'::bpchar THEN jur.lajdccusto::text
                WHEN l.lacdesco > 0::numeric
                AND l.lactransa = 'H'::bpchar THEN jur.lajdccusto::text
                WHEN l.lacdesco > 0::numeric
                AND l.lactransa = 'Q'::bpchar THEN aux.laaccusto::text
                WHEN l.lacdesco > 0::numeric
                AND l.lactransa = 'R'::bpchar THEN jur.lajdccusto::text
                WHEN l.lacdesco > 0::numeric
                AND l.lactransa = '9'::bpchar THEN jur.lajdccusto::text
                ELSE ''::text
            END";SQLPSG/pw_financeiro.sql
pw_financeiro;financeiro_ccusto_iof_debito_codigo_fk;foreign_key;ccusto_iof_debito;"CASE
                WHEN dup.dudiof > 0::numeric
                AND l.lactransa = 'E'::bpchar THEN dep.pcxcciof::text
                WHEN che.chvlriof > 0::numeric
                AND l.lactransa = 'J'::bpchar THEN dep.pcxcciof::text
                ELSE ''::text
            END";SQLPSG/pw_financeiro.sql
pw_financeiro;financeiro_ccusto_juros_credito_codigo_fk;foreign_key;ccusto_juros_credito;"CASE
                WHEN l.lacjuros > 0::numeric
                AND l.lactransa = 'E'::bpchar THEN jur.lajjccusto::text
                WHEN l.lacjuros > 0::numeric
                AND l.lactransa = 'G'::bpchar THEN jur.lajjccusto::text
                WHEN l.lacjuros > 0::numeric
                AND l.lactransa = 'H'::bpchar THEN jur.lajjccusto::text
                WHEN l.lacjuros > 0::numeric
                AND l.lactransa = 'Q'::bpchar THEN aux.laaccusto::text
                WHEN l.lacjuros > 0::numeric
                AND l.lactransa = 'R'::bpchar THEN jur.lajjccusto::text
                WHEN l.lacjuros > 0::numeric
                AND l.lactransa = '9'::bpchar THEN jur.lajjccusto::text
                ELSE ''::text
            END";SQLPSG/pw_financeiro.sql
pw_financeiro;financeiro_ccusto_juros_debito_codigo_fk;foreign_key;ccusto_juros_debito;"CASE
                WHEN l.lacjuros > 0::numeric
                AND l.lactransa = 'A'::bpchar THEN jur.lajjccusto::text
                WHEN l.lacjuros > 0::numeric
                AND l.lactransa = 'E'::bpchar THEN aux.laaccusto::text
                WHEN dup.dudjuros > 0::numeric
                AND l.lactransa = 'E'::bpchar THEN dep.pcxccjurpa::text
                WHEN l.lacjuros > 0::numeric
                AND l.lactransa = 'I'::bpchar THEN jur.lajjccusto::text
                WHEN che.chvlrjuros > 0::numeric
                AND l.lactransa = 'E'::bpchar THEN dep.pcxccjurpa::text
                WHEN l.lacjuros > 0::numeric
                AND l.lactransa = 'M'::bpchar THEN jur.lajjccusto::text
                WHEN l.lacjuros > 0::numeric
                AND l.lactransa = 'P'::bpchar THEN jur.lajjccusto::text
                WHEN l.lacjuros > 0::numeric
                AND l.lactransa = 'Q'::bpchar THEN jur.lajjccusto::text
                WHEN l.lacjuros > 0::numeric
                AND l.lactransa = '0'::bpchar THEN jur.lajjccusto::text
                WHEN l.lacjuros > 0::numeric
                AND l.lactransa = 'R'::bpchar THEN dep.pcxcccheq::text
                ELSE ''::text
            END";SQLPSG/pw_financeiro.sql
pw_financeiro;financeiro_ccusto_multa_credito_codigo_fk;foreign_key;ccusto_multa_credito;jur.lajmccusto;SQLPSG/pw_financeiro.sql
pw_financeiro;financeiro_ccusto_multa_debito_codigo_fk;foreign_key;ccusto_multa_debito;fin.financeiro_ccusto_juros_debito_codigo_fk;SQLPSG/pw_financeiro.sql
pw_financeiro;financeiro_ccusto_tarifa_credito_codigo_fk;foreign_key;ccusto_tarifa_credito;"CASE
                WHEN l.lactarifa > 0::numeric
                AND l.lactransa = 'Q'::bpchar THEN aux.laaccusto::text
                ELSE ''::text
            END";SQLPSG/pw_financeiro.sql
pw_financeiro;financeiro_ccusto_tarifa_debito_codigo_fk;foreign_key;ccusto_tarifa_debito;"CASE
                WHEN dup.dudtarifa > 0::numeric
                AND l.lactransa = 'E'::bpchar THEN dep.pcxccdespb::text
                WHEN che.chvltarifa > 0::numeric
                AND l.lactransa = 'J'::bpchar THEN dep.pcxccdespb::text
                WHEN l.lactarifa > 0::numeric
                AND l.lactransa = 'P'::bpchar THEN jur.lajtccusto::text
                WHEN l.lactarifa > 0::numeric
                AND l.lactransa = 'Q'::bpchar THEN jur.lajtccusto::text
                ELSE ''::text
            END";SQLPSG/pw_financeiro.sql
pw_financeiro;financeiro_conta_credito_codigo_fk;foreign_key;conta_credito;"CASE
                WHEN l.lactransa = 'A'::bpchar THEN deb.lacplanoc::text
                WHEN l.lactransa = 'B'::bpchar THEN dep.pcxpccaixa::text
                WHEN l.lactransa = 'D'::bpchar THEN dep.pcxpccaixa::text
                WHEN l.lactransa = 'Q'::bpchar THEN aux.laaplanoc::text
                WHEN l.lactransa = 'T'::bpchar THEN l.lacplanoc::text
                WHEN l.lactransa = 'E'::bpchar THEN l.lacplanoc::text
                WHEN l.lactransa = 'H'::bpchar THEN l.lacplanoc::text
                WHEN l.lactransa = '1'::bpchar THEN l.lacplanoc::text
                WHEN l.lactransa = '2'::bpchar THEN l.lacplanoc::text
                WHEN l.lactransa = '4'::bpchar THEN aux.laaplanoc::text
                WHEN l.lactransa = '9'::bpchar THEN l.lacplanoc::text
                WHEN l.lactransa = '0'::bpchar THEN aux.laaplanoc::text
                WHEN l.lactransa = 'G'::bpchar THEN l.lacplanoc::text
                WHEN l.lactransa = 'F'::bpchar THEN dep.pcxpccheq::text
                WHEN l.lactransa = 'N'::bpchar THEN l.lacplanoc::text
                WHEN l.lactransa = 'R'::bpchar THEN l.lacplanoc::text
                WHEN l.lactransa = 'P'::bpchar THEN dep.pcxpccaixa::text
                WHEN l.lactransa = '8'::bpchar THEN l.lacplanoc::text
                WHEN l.lactransa = '3'::bpchar THEN dep.pcxpccaixa::text
                WHEN l.lactransa = 'J'::bpchar THEN dep.pcxpccheq::text
                WHEN l.lactransa = 'Y'::bpchar THEN dep.pcxpccheq::text
                WHEN l.lactransa = '6'::bpchar THEN aux.laaplanoc::text
                WHEN l.lactransa = 'S'::bpchar THEN l.lacplanoc::text
                WHEN l.lactransa = '5'::bpchar THEN dep.pcxpccaixa::text
                WHEN l.lactransa = '7'::bpchar THEN l.lacplanoc::text
                when l.lactransa = 'M'::bpchar then case
                    when lac.lactransa = 'P'::bpchar then case
                        when lcmul.constalacmul > 0 then case
                            when chq.constachquso1 > 0 then case
                                when length(btrim(prt1.prt1pcdeb::text)) > 0 then prt1.prt1pcdeb::text
                                else case
                                    when length(btrim(prt12.prt1pcdeb::text)) > 0 then prt12.prt1pcdeb::text
                                    else ''::text
                                end
                            end
                            else case
                                when chq2.constachquso2 > 0
                                and cprm.naopreenchidopcxpccheq = 0 then dep.pcxpccaixa::text
                                else dep.pcxpccheq::text
                            end
                        end
                        else null::text
                    end
                    else case
                        when dep.pcxchpro = 'C'::bpchar then dep.pcxpcchpro::text
                        else lac.lacplanoc::text
                    end
                end
                ELSE ''::text
            END";SQLPSG/pw_financeiro.sql
pw_financeiro;financeiro_conta_debito_codigo_fk;foreign_key;conta_debito;"CASE
                WHEN l.lactransa = 'A'::bpchar THEN l.lacplanoc::text
                WHEN l.lactransa = 'B'::bpchar THEN l.lacplanoc::text
                WHEN l.lactransa = 'D'::bpchar THEN l.lacplanoc::text
                WHEN l.lactransa = 'Q'::bpchar THEN l.lacplanoc::text
                WHEN l.lactransa = 'U'::bpchar THEN l.lacplanoc::text
                WHEN l.lactransa = 'E'::bpchar THEN aux.laaplanoc::text
                WHEN l.lactransa = 'H'::bpchar THEN rec.lacplanoc::text
                WHEN l.lactransa = '1'::bpchar THEN dep.pcxpccaixa::text
                WHEN l.lactransa = '2'::bpchar THEN aux.laaplanoc::text
                WHEN l.lactransa = '4'::bpchar THEN l.lacplanoc::text
                WHEN l.lactransa = '9'::bpchar THEN aux.laaplanoc::text
                WHEN l.lactransa = '0'::bpchar THEN l.lacplanoc::text
                WHEN l.lactransa = 'G'::bpchar THEN dep.pcxpccheq::text
                WHEN l.lactransa = 'F'::bpchar THEN l.lacplanoc::text
                WHEN l.lactransa = 'R'::bpchar THEN dep.pcxpccaixa::text
                WHEN l.lactransa = 'P'::bpchar THEN l.lacplanoc::text
                WHEN l.lactransa = '8'::bpchar THEN aux.laaplanoc::text
                WHEN l.lactransa = '3'::bpchar THEN l.lacplanoc::text
                WHEN l.lactransa = 'J'::bpchar THEN aux.laaplanoc::text
                WHEN l.lactransa = 'Y'::bpchar THEN dep.pcxpccaixa::text
                WHEN l.lactransa = '6'::bpchar THEN l.lacplanoc::text
                WHEN l.lactransa = 'S'::bpchar THEN dep.pcxpccaixa::text
                WHEN l.lactransa = '5'::bpchar THEN l.lacplanoc::text
                WHEN l.lactransa = '7'::bpchar THEN dep.pcxpccaixa::text
                when l.lactransa = 'M'::bpchar then l.lacplanoc::text
                ELSE ''::text
            END";SQLPSG/pw_financeiro.sql
pw_financeiro;financeiro_conta_desconto_credito_codigo_fk;foreign_key;conta_desconto_credito;"CASE
                WHEN l.lacdesco > 0::numeric
                AND l.lactransa = 'A'::bpchar THEN jur.lajdplanoc::text
                WHEN l.lacdesco > 0::numeric
                AND l.lactransa = 'E'::bpchar THEN jur.lajdplanoc::text
                WHEN l.lacdesco > 0::numeric
                AND l.lactransa = 'I'::bpchar THEN jur.lajdplanoc::text
                WHEN l.lacdesco > 0::numeric
                AND l.lactransa = 'M'::bpchar THEN jur.lajdplanoc::text
                WHEN l.lacdesco > 0::numeric
                AND l.lactransa = 'P'::bpchar THEN jur.lajdplanoc::text
                WHEN l.lacdesco > 0::numeric
                AND l.lactransa = 'Q'::bpchar THEN jur.lajdplanoc::text
                WHEN l.lacdesco > 0::numeric
                AND l.lactransa = '0'::bpchar THEN jur.lajdplanoc::text
                WHEN l.lacdesco > 0::numeric
                AND l.lactransa = 'R'::bpchar THEN l.lacplanoc::text
                ELSE ''::text
            END";SQLPSG/pw_financeiro.sql
pw_financeiro;financeiro_conta_desconto_debito_codigo_fk;foreign_key;conta_desconto_debito;"CASE
                WHEN l.lacdesco > 0::numeric
                AND l.lactransa = 'E'::bpchar THEN aux.laaplanoc::text
                WHEN l.lacdesco > 0::numeric
                AND l.lactransa = 'G'::bpchar THEN jur.lajdplanoc::text
                WHEN l.lacdesco > 0::numeric
                AND l.lactransa = 'H'::bpchar THEN jur.lajdplanoc::text
                WHEN l.lacdesco > 0::numeric
                AND l.lactransa = 'Q'::bpchar THEN aux.laaplanoc::text
                WHEN l.lacdesco > 0::numeric
                AND l.lactransa = 'R'::bpchar THEN jur.lajdplanoc::text
                WHEN l.lacdesco > 0::numeric
                AND l.lactransa = '9'::bpchar THEN jur.lajdplanoc::text
                ELSE ''::text
            END";SQLPSG/pw_financeiro.sql
pw_financeiro;financeiro_conta_iof_debito_codigo_fk;foreign_key;conta_iof_debito;"CASE
                WHEN dup.dudiof > 0::numeric
                AND l.lactransa = 'E'::bpchar THEN dep.pcxpciof::text
                WHEN che.chvlriof > 0::numeric
                AND l.lactransa = 'J'::bpchar THEN dep.pcxpciof::text
                ELSE ''::text
            END";SQLPSG/pw_financeiro.sql
pw_financeiro;financeiro_conta_juros_credito_codigo_fk;foreign_key;conta_juros_credito;"CASE
                WHEN l.lacjuros > 0::numeric
                AND l.lactransa = 'E'::bpchar THEN jur.lajjplanoc::text
                WHEN l.lacjuros > 0::numeric
                AND l.lactransa = 'G'::bpchar THEN jur.lajjplanoc::text
                WHEN l.lacjuros > 0::numeric
                AND l.lactransa = 'H'::bpchar THEN jur.lajjplanoc::text
                WHEN l.lacjuros > 0::numeric
                AND l.lactransa = 'Q'::bpchar THEN aux.laaplanoc::text
                WHEN l.lacjuros > 0::numeric
                AND l.lactransa = 'R'::bpchar THEN jur.lajjplanoc::text
                WHEN l.lacjuros > 0::numeric
                AND l.lactransa = '9'::bpchar THEN jur.lajjplanoc::text
                ELSE ''::text
            END";SQLPSG/pw_financeiro.sql
pw_financeiro;financeiro_conta_juros_debito_codigo_fk;foreign_key;conta_juros_debito;"CASE
                WHEN l.lacjuros > 0::numeric
                AND l.lactransa = 'A'::bpchar THEN jur.lajjplanoc::text
                WHEN l.lacjuros > 0::numeric
                AND l.lactransa = 'E'::bpchar THEN aux.laaplanoc::text
                WHEN dup.dudjuros > 0::numeric
                AND l.lactransa = 'E'::bpchar THEN dep.pcxpcjurpa::text
                WHEN l.lacjuros > 0::numeric
                AND l.lactransa = 'I'::bpchar THEN jur.lajjplanoc::text
                WHEN che.chvlrjuros > 0::numeric
                AND l.lactransa = 'E'::bpchar THEN dep.pcxpcjurpa::text
                WHEN l.lacjuros > 0::numeric
                AND l.lactransa = 'M'::bpchar THEN jur.lajjplanoc::text
                WHEN l.lacjuros > 0::numeric
                AND l.lactransa = 'P'::bpchar THEN jur.lajjplanoc::text
                WHEN l.lacjuros > 0::numeric
                AND l.lactransa = 'Q'::bpchar THEN jur.lajjplanoc::text
                WHEN l.lacjuros > 0::numeric
                AND l.lactransa = '0'::bpchar THEN jur.lajjplanoc::text
                WHEN l.lacjuros > 0::numeric
                AND l.lactransa = 'R'::bpchar THEN dep.pcxpccheq::text
                ELSE NULL::text
            END";SQLPSG/pw_financeiro.sql
pw_financeiro;financeiro_conta_multa_credito_codigo_fk;foreign_key;conta_multa_credito;jur.lajmplanoc;SQLPSG/pw_financeiro.sql
pw_financeiro;financeiro_conta_multa_debito_codigo_fk;foreign_key;conta_multa_debito;fin.financeiro_conta_juros_debito_codigo_fk;SQLPSG/pw_financeiro.sql
pw_financeiro;financeiro_conta_reduzida_credito_codigo_fk;foreign_key;conta_reduzida_credito;"CASE
        WHEN fin.financeiro_conta_reduzida_credito_fk IS NULL THEN plc.plcproc::text
        WHEN jur.financeiro_titulo_recuperacao_judicial_controle_fk IS NOT NULL THEN plc.plcproc::text
        ELSE fin.financeiro_conta_reduzida_credito_fk
    END";SQLPSG/pw_financeiro.sql
pw_financeiro;financeiro_conta_reduzida_debito_codigo_fk;foreign_key;conta_reduzida_debito;"CASE
        WHEN fin.financeiro_conta_reduzida_debito_fk IS NULL THEN pld.plcproc::text
        ELSE fin.financeiro_conta_reduzida_debito_fk
    END";SQLPSG/pw_financeiro.sql
pw_financeiro;financeiro_conta_reduzida_desconto_credito_codigo_fk;foreign_key;conta_reduzida_desconto_credito;pdc.plcproc;SQLPSG/pw_financeiro.sql
pw_financeiro;financeiro_conta_reduzida_desconto_debito_codigo_fk;foreign_key;conta_reduzida_desconto_debito;pdd.plcproc;SQLPSG/pw_financeiro.sql
pw_financeiro;financeiro_conta_reduzida_iof_debito_codigo_fk;foreign_key;conta_reduzida_iof_debito;pid.plcproc;SQLPSG/pw_financeiro.sql
pw_financeiro;financeiro_conta_reduzida_juros_credito_codigo_fk;foreign_key;conta_reduzida_juros_credito;pjc.plcproc;SQLPSG/pw_financeiro.sql
pw_financeiro;financeiro_conta_reduzida_juros_debito_codigo_fk;foreign_key;conta_reduzida_juros_debito;pjd.plcproc;SQLPSG/pw_financeiro.sql
pw_financeiro;financeiro_conta_reduzida_multa_credito_codigo_fk;foreign_key;conta_reduzida_multa_credito;jur.lajmred;SQLPSG/pw_financeiro.sql
pw_financeiro;financeiro_conta_reduzida_multa_debito_codigo_fk;foreign_key;conta_reduzida_multa_debito;pjd.plcproc;SQLPSG/pw_financeiro.sql
pw_financeiro;financeiro_conta_reduzida_tarifa_credito_codigo_fk;foreign_key;conta_reduzida_tarifa_credito;ptc.plcproc;SQLPSG/pw_financeiro.sql
pw_financeiro;financeiro_conta_reduzida_tarifa_debito_codigo_fk;foreign_key;conta_reduzida_tarifa_debito;ptd.plcproc;SQLPSG/pw_financeiro.sql
pw_financeiro;financeiro_conta_tarifa_credito_codigo_fk;foreign_key;conta_tarifa_credito;"CASE
                WHEN l.lactarifa > 0::numeric
                AND l.lactransa = 'Q'::bpchar THEN aux.laaplanoc::text
                ELSE ''::text
            END";SQLPSG/pw_financeiro.sql
pw_financeiro;financeiro_conta_tarifa_debito_codigo_fk;foreign_key;conta_tarifa_debito;"CASE
                WHEN dup.dudtarifa > 0::numeric
                AND l.lactransa = 'E'::bpchar THEN dep.pcxpcdespb::text
                WHEN che.chvltarifa > 0::numeric
                AND l.lactransa = 'J'::bpchar THEN dep.pcxpcdespb::text
                WHEN l.lactarifa > 0::numeric
                AND l.lactransa = 'P'::bpchar THEN jur.lajtplanoc::text
                WHEN l.lactarifa > 0::numeric
                AND l.lactransa = 'Q'::bpchar THEN jur.lajtplanoc::text
                ELSE ''::text
            END";SQLPSG/pw_financeiro.sql
pw_financeiro;financeiro_depositofin_codigo_fk;foreign_key;depositofin;l.lacdeposit;SQLPSG/pw_financeiro.sql
pw_financeiro;financeiro_empresa_codigo_fk;foreign_key;empresa;"'8'::bpchar]
                ) THEN vlant.vlaempresa
                ELSE tit.titcfco
            END";SQLPSG/pw_financeiro.sql
pw_financeiro;financeiro_tipo_movimentacao_codigo_fk;foreign_key;tipo_movimentacao;"'9'::bpchar]
                ) THEN 'S'::character(1)
                ELSE 'N'::character(1)
            END";SQLPSG/pw_financeiro.sql
pw_financeiro;financeiro_titulo_codigo_fk;foreign_key;titulo;l.lactitulo;SQLPSG/pw_financeiro.sql
pw_financeiro;financeiro_transacao_financeira_codigo_fk;foreign_key;transacao_financeira;l.lactransa;SQLPSG/pw_financeiro.sql
pw_fornecedor_ordem;fornecedorordem_empresa_codigo_fk;foreign_key;empresa;fiordem.fiopfor;SQLPSG/pw_fornecedor_ordem.sql
pw_fornecedor_ordem;fornecedorordem_codigo_pk;primary_key;fornecedorordem;fiordem.fiopord;SQLPSG/pw_fornecedor_ordem.sql
pw_funcionario;funcionario_codigo_pk;primary_key;funcionario;f.funciona;SQLPSG/Dimensoes.sql
pw_funcionario;funcionario_codigo_pk;primary_key;funcionario;f.funciona;SQLPSG/pw_funcionario.sql
pw_grupo_economico;grupoeconomico_codigo_pk;primary_key;grupoeconomico;ge.grecodigo;SQLPSG/Dimensoes.sql
pw_grupo_economico;grupoeconomico_codigo_pk;primary_key;grupoeconomico;ge.grecodigo;SQLPSG/pw_grupo_economico.sql
pw_grupo_produto;grupoproduto_tipo_grupo_produto_codigo_fk;foreign_key;tipo_grupo_produto;g.tgrucod;SQLPSG/Dimensoes.sql
pw_grupo_produto;grupoproduto_tipo_grupo_produto_codigo_fk;foreign_key;tipo_grupo_produto;g.tgrucod;SQLPSG/pw_grupo_produto.sql
pw_grupo_produto;grupoproduto_codigo_pk;primary_key;grupoproduto;g.grupo;SQLPSG/Dimensoes.sql
pw_grupo_produto;grupoproduto_codigo_pk;primary_key;grupoproduto;g.grupo;SQLPSG/pw_grupo_produto.sql
pw_lote_carga;lotecarga_codigo_pk;primary_key;lotecarga;l.lcacod;SQLPSG/pw_lote_carga.sql
pw_lote_producao;loteproducao_codigo_pk;primary_key;loteproducao;l.lotcod;SQLPSG/Dimensoes.sql
pw_lote_producao;loteproducao_codigo_pk;primary_key;loteproducao;l.lotcod;SQLPSG/pw_lote_producao.sql
pw_macro_regiao;macro_regiao_codigo_pk;primary_key;macro_regiao;m.abrmcod;SQLPSG/pw_macro_regiao.sql
pw_maquina;maquina_codigo_pk;primary_key;maquina;mq.maquina;SQLPSG/Dimensoes.sql
pw_maquina;maquina_codigo_pk;primary_key;maquina;mq.maquina;SQLPSG/pw_maquina.sql
pw_mes;mes_codigo_pk;primary_key;mes;'0'::text);SQLPSG/Dimensoes.sql
pw_mes;mes_codigo_pk;primary_key;mes;'0'::text);SQLPSG/pw_mes.sql
pw_mod_cobranca;modcobranca_codigo_pk;primary_key;modcobranca;mc.modcobra;SQLPSG/Dimensoes.sql
pw_mod_cobranca;modcobranca_codigo_pk;primary_key;modcobranca;mc.modcobra;SQLPSG/pw_mod_cobranca.sql
pw_motivo_assistencia;motivoassistencia_codigo_pk;primary_key;motivoassistencia;m.asmtcod;SQLPSG/Dimensoes.sql
pw_motivo_assistencia;motivoassistencia_codigo_pk;primary_key;motivoassistencia;m.asmtcod;SQLPSG/pw_motivo_assistencia.sql
pw_motivo_parada;motivoparada_codigo_pk;primary_key;motivoparada;m.prdcodi;SQLPSG/Dimensoes.sql
pw_motivo_parada;motivoparada_codigo_pk;primary_key;motivoparada;m.prdcodi;SQLPSG/pw_motivo_parada.sql
pw_movtitulo;movtitulo_titulo_codigo_fk;foreign_key;titulo;titulos_pagamentos.titulo;SQLPSG/pw_movtitulo.sql
pw_operacao;operacao_codigo_pk;primary_key;operacao;op.oppcodi;SQLPSG/Dimensoes.sql
pw_operacao;operacao_codigo_pk;primary_key;operacao;op.oppcodi;SQLPSG/pw_operacao.sql
pw_orcamento;orcamento_cfop_codigo_fk;foreign_key;cfop;o.orcacfop;SQLPSG/pw_orcamento.sql
pw_orcamento;orcamento_cfop_codigo_fk;foreign_key;cfop;e.oreopera;SQLPSG/pw_orcamento.sql
pw_orcamento;orcamento_cfop_codigo_fk;foreign_key;cfop;'-'::character(10);SQLPSG/pw_orcamento.sql
pw_orcamento;orcamento_condicao_pagto_codigo_fk;foreign_key;condicao_pagto;o.orcacond;SQLPSG/pw_orcamento.sql
pw_orcamento;orcamento_condicao_pagto_codigo_fk;foreign_key;condicao_pagto;e.orecond;SQLPSG/pw_orcamento.sql
pw_orcamento;orcamento_condicao_pagto_codigo_fk;foreign_key;condicao_pagto;e1.ocmconid;SQLPSG/pw_orcamento.sql
pw_orcamento;orcamento_deposito_codigo_fk;foreign_key;deposito;o.orcadep;SQLPSG/pw_orcamento.sql
pw_orcamento;orcamento_deposito_codigo_fk;foreign_key;deposito;e.oredepo;SQLPSG/pw_orcamento.sql
pw_orcamento;orcamento_deposito_codigo_fk;foreign_key;deposito;0;SQLPSG/pw_orcamento.sql
pw_orcamento;orcamento_empresa_codigo_fk;foreign_key;empresa;o.orcaemp;SQLPSG/pw_orcamento.sql
pw_orcamento;orcamento_empresa_codigo_fk;foreign_key;empresa;e.oreclie;SQLPSG/pw_orcamento.sql
pw_orcamento;orcamento_empresa_codigo_fk;foreign_key;empresa;e1.ocmempid;SQLPSG/pw_orcamento.sql
pw_orcamento;orcamento_modcobranca_codigo_fk;foreign_key;modcobranca;o.orcamodcob;SQLPSG/pw_orcamento.sql
pw_orcamento;orcamento_modcobranca_codigo_fk;foreign_key;modcobranca;e.oremodco;SQLPSG/pw_orcamento.sql
pw_orcamento;orcamento_modcobranca_codigo_fk;foreign_key;modcobranca;'-'::character(2);SQLPSG/pw_orcamento.sql
pw_orcamento;orcamento_produto_codigo_fk;foreign_key;produto;o1.orcpprod;SQLPSG/pw_orcamento.sql
pw_orcamento;orcamento_produto_codigo_fk;foreign_key;produto;"CASE
            WHEN e1.orestniv = 9 OR e1.orestniv = 0 THEN e1.oreppro
            ELSE ore.orepfil
        END";SQLPSG/pw_orcamento.sql
pw_orcamento;orcamento_produto_codigo_fk;foreign_key;produto;e1.ocmproid;SQLPSG/pw_orcamento.sql
pw_orcamento;orcamento_tabelavenda_codigo_fk;foreign_key;tabelavenda;o.orcatabv;SQLPSG/pw_orcamento.sql
pw_orcamento;orcamento_tabelavenda_codigo_fk;foreign_key;tabelavenda;e.oretabpv;SQLPSG/pw_orcamento.sql
pw_orcamento;orcamento_tabelavenda_codigo_fk;foreign_key;tabelavenda;'-'::character(3);SQLPSG/pw_orcamento.sql
pw_orcamento;orcamento_tipo_orcamento_codigo_fk;foreign_key;tipo_orcamento;o.orcatipo;SQLPSG/pw_orcamento.sql
pw_orcamento;orcamento_tipo_orcamento_codigo_fk;foreign_key;tipo_orcamento;e.oretipo;SQLPSG/pw_orcamento.sql
pw_orcamento;orcamento_tipo_orcamento_codigo_fk;foreign_key;tipo_orcamento;'-'::character(3);SQLPSG/pw_orcamento.sql
pw_orcamento;orcamento_vendedor_codigo_fk;foreign_key;vendedor;"CASE
            WHEN par.ocprepres = 'S'::bpchar THEN comi.comirepc
            ELSE o.orcarep
        END";SQLPSG/pw_orcamento.sql
pw_orcamento;orcamento_vendedor_codigo_fk;foreign_key;vendedor;"CASE
            WHEN par.ocprepes = 'S'::bpchar THEN comi.corerep
            ELSE e.orerepr
        END";SQLPSG/pw_orcamento.sql
pw_orcamento;orcamento_vendedor_codigo_fk;foreign_key;vendedor;0;SQLPSG/pw_orcamento.sql
pw_orcamento;orcamento_codigo_pk;primary_key;orcamento;o.orcacod;SQLPSG/pw_orcamento.sql
pw_orcamento;orcamento_codigo_pk;primary_key;orcamento;"p.proliqui
           FROM produto p) prod ON o1.orcpprod = prod.produto
  WHERE o.orcacod = o1.orcacod AND par.ocpid = 1
UNION ALL
 SELECT DISTINCT e.orenum";SQLPSG/pw_orcamento.sql
pw_orcamento;orcamento_codigo_pk;primary_key;orcamento;"o.oreppsld
           FROM orestrut o) ore ON e1.orecod = ore.orecod AND e1.orepseq = ore.orepseq AND e1.oreppro = ore.oreppai
  WHERE e.orecod = e1.orecod AND e.oreati = 'S'::bpchar AND par.ocpid = 1
UNION ALL
 SELECT e1.ocmid";SQLPSG/pw_orcamento.sql
pw_ordem;ordem_centro_custo_codigo_fk;foreign_key;centro_custo;o.ordccusto;SQLPSG/pw_ordem.sql
pw_ordem;ordem_deposito_codigo_fk;foreign_key;deposito;o.orddeposit;SQLPSG/pw_ordem.sql
pw_ordem;ordem_lote_producao_codigo_fk;foreign_key;lote_producao;o.lotcod;SQLPSG/pw_ordem.sql
pw_ordem;ordem_plano_contas_codigo_fk;foreign_key;plano_contas;o.ordplanoc;SQLPSG/pw_ordem.sql
pw_ordem;ordem_produto_codigo_fk;foreign_key;produto;o.ordproduto;SQLPSG/pw_ordem.sql
pw_ordem;ordem_tipo_ordem_codigo_fk;foreign_key;tipo_ordem;o.tipoord;SQLPSG/pw_ordem.sql
pw_ordem;ordem_codigo_pk;primary_key;ordem;o.ordem;SQLPSG/pw_ordem.sql
pw_ordem_fase;ordemfase_fase_producao_codigo_fk;foreign_key;fase_producao;f.fsorfase;SQLPSG/pw_ordem_fase.sql
pw_ordem_fase;ordemfase_ordem_codigo_fk;foreign_key;ordem;f.fsororde;SQLPSG/pw_ordem_fase.sql
pw_ordem_reporte;ordemreporte_ordem_codigo_fk;foreign_key;ordem;r.priordem;SQLPSG/pw_ordem_reporte.sql
pw_ordem_reporte;ordemreporte_controle_codigo_pk;primary_key;ordemreporte_controle;r.itecontrol;SQLPSG/pw_ordem_reporte.sql
pw_ordem_reporte;ordemreporte_sequencia_codigo_pk;primary_key;ordemreporte_sequencia;r.prisequen;SQLPSG/pw_ordem_reporte.sql
pw_pais;pais_codigo_pk;primary_key;pais;p.pais;SQLPSG/Dimensoes.sql
pw_pais;pais_codigo_pk;primary_key;pais;p.pais;SQLPSG/pw_pais.sql
pw_pais_cobranca;paiscobranca_codigo_pk;primary_key;paiscobranca;p.pais;SQLPSG/pw_pais_cobranca.sql
pw_pais_deposito;paisdeposito_codigo_pk;primary_key;paisdeposito;p.pais;SQLPSG/pw_pais_deposito.sql
pw_pais_entrega;paisentrega_codigo_pk;primary_key;paisentrega;p.pais;SQLPSG/pw_pais_entrega.sql
pw_pais_vendedor;paisvendedor_codigo_pk;primary_key;paisvendedor;p.pais;SQLPSG/pw_pais_vendedor.sql
pw_pecas_perdidas;pecasperdidas_fase_producao_codigo_fk;foreign_key;fase_producao;p.perfasepe;SQLPSG/pw_pecas_perdidas.sql
pw_pecas_perdidas;pecasperdidas_ordem_codigo_fk;foreign_key;ordem;p.perofscod;SQLPSG/pw_pecas_perdidas.sql
pw_pedido_compra;pedidocompra_condicao_pagto_codigo_fk;foreign_key;condicao_pagto;ped.condicao;SQLPSG/pw_pedido_compra.sql
pw_pedido_compra;pedidocompra_deposito_codigo_fk;foreign_key;deposito;ped.deposito;SQLPSG/pw_pedido_compra.sql
pw_pedido_compra;pedidocompra_empresa_codigo_fk;foreign_key;empresa;ped.empresa;SQLPSG/pw_pedido_compra.sql
pw_pedido_compra;pedidocompra_modcobranca_codigo_fk;foreign_key;modcobranca;ped.commodc;SQLPSG/pw_pedido_compra.sql
pw_pedido_compra;pedidocompra_pedidocompraobservacao_codigo_fk;foreign_key;pedidocompraobservacao;pp.compra;SQLPSG/pw_pedido_compra.sql
pw_pedido_compra;pedidocompra_produto_codigo_fk;foreign_key;produto;pp.produto;SQLPSG/pw_pedido_compra.sql
pw_pedido_compra;pedidocompra_tipo_compra_codigo_fk;foreign_key;tipo_compra;ped.comtipo;SQLPSG/pw_pedido_compra.sql
pw_pedido_compra;pedidocompra_codigo_pk;primary_key;pedidocompra;pp.compra;SQLPSG/pw_pedido_compra.sql
pw_pedido_venda;pedidovenda_cfop_codigo_fk;foreign_key;cfop;ped.pedoperaca;SQLPSG/pw_pedido_venda.sql
pw_pedido_venda;pedidovenda_cfopitem_codigo_fk;foreign_key;cfopitem;pp.pproperaca;SQLPSG/pw_pedido_venda.sql
pw_pedido_venda;pedidovenda_cidade_entrega_codigo_fk;foreign_key;cidade_entrega;ped.pedentcid;SQLPSG/pw_pedido_venda.sql
pw_pedido_venda;pedidovenda_condicao_pagto_codigo_fk;foreign_key;condicao_pagto;ped.pedcondica;SQLPSG/pw_pedido_venda.sql
pw_pedido_venda;pedidovenda_deposito_codigo_fk;foreign_key;deposito;ped.deposito;SQLPSG/pw_pedido_venda.sql
pw_pedido_venda;pedidovenda_empresa_codigo_fk;foreign_key;empresa;ped.pedcliente;SQLPSG/pw_pedido_venda.sql
pw_pedido_venda;pedidovenda_lotecarga_codigo_fk;foreign_key;lotecarga;ped.lcapecod;SQLPSG/pw_pedido_venda.sql
pw_pedido_venda;pedidovenda_modcobranca_codigo_fk;foreign_key;modcobranca;ped.pedmodcob;SQLPSG/pw_pedido_venda.sql
pw_pedido_venda;pedidovenda_produto_codigo_fk;foreign_key;produto;pp.pprproduto;SQLPSG/pw_pedido_venda.sql
pw_pedido_venda;pedidovenda_redespacho_codigo_fk;foreign_key;redespacho;ped.pedredesp;SQLPSG/pw_pedido_venda.sql
pw_pedido_venda;pedidovenda_regiao_carga_codigo_fk;foreign_key;regiao_carga;ped.pedregca;SQLPSG/pw_pedido_venda.sql
pw_pedido_venda;pedidovenda_tabela_preco_item_codigo_fk;foreign_key;tabela_preco_item;btrim(pp.pprtabpre::text || '-'::text) || btrim(pp.pprproduto::text);SQLPSG/pw_pedido_venda.sql
pw_pedido_venda;pedidovenda_tabelavenda_codigo_fk;foreign_key;tabelavenda;ped.pedtppvco;SQLPSG/pw_pedido_venda.sql
pw_pedido_venda;pedidovenda_tipo_venda_codigo_fk;foreign_key;tipo_venda;ped.tipoped;SQLPSG/pw_pedido_venda.sql
pw_pedido_venda;pedidovenda_transportadora_codigo_fk;foreign_key;transportadora;ped.pedtransp;SQLPSG/pw_pedido_venda.sql
pw_pedido_venda;pedidovenda_vendedor_codigo_fk;foreign_key;vendedor;ped.vendedor;SQLPSG/pw_pedido_venda.sql
pw_pedido_venda;pedidovenda_codigo_pk;primary_key;pedidovenda;pp.pedido;SQLPSG/pw_pedido_venda.sql
pw_pedidocompra_observacao;pedidocompraobservacao_codigo_pk;primary_key;pedidocompraobservacao;c.compra;SQLPSG/pw_pedidocompra_observacao.sql
pw_planilhamento_hora;planilhamentohora_fase_producao_codigo_fk;foreign_key;fase_producao;p.plafase;SQLPSG/pw_planilhamento_hora.sql
pw_planilhamento_hora;planilhamentohora_funcionario_codigo_fk;foreign_key;funcionario;p.plafuncion;SQLPSG/pw_planilhamento_hora.sql
pw_planilhamento_hora;planilhamentohora_maquina_codigo_fk;foreign_key;maquina;p.plamaquina;SQLPSG/pw_planilhamento_hora.sql
pw_planilhamento_hora;planilhamentohora_operacao_codigo_fk;foreign_key;operacao;p.plaopera;SQLPSG/pw_planilhamento_hora.sql
pw_planilhamento_hora;planilhamentohora_ordem_codigo_fk;foreign_key;ordem;p.plaordem;SQLPSG/pw_planilhamento_hora.sql
pw_planilhamento_paradas;planilhamentoparadas_funcionario_codigo_fk;foreign_key;funcionario;p.plpafunci;SQLPSG/pw_planilhamento_paradas.sql
pw_planilhamento_paradas;planilhamentoparadas_maquina_codigo_fk;foreign_key;maquina;p.plpamaqui;SQLPSG/pw_planilhamento_paradas.sql
pw_planilhamento_paradas;planilhamentoparadas_motivo_parada_codigo_fk;foreign_key;motivo_parada;p.plpaparad;SQLPSG/pw_planilhamento_paradas.sql
pw_planilhamento_paradas;planilhamentoparadas_ordem_codigo_fk;foreign_key;ordem;p.plpaordem;SQLPSG/pw_planilhamento_paradas.sql
pw_plano_contas;planocontas_codigo_pk;primary_key;planocontas;p.planoc;SQLPSG/Dimensoes.sql
pw_plano_contas;planocontas_codigo_pk;primary_key;planocontas;p.planoc;SQLPSG/pw_plano_contas.sql
pw_portador;portador_codigo_pk;primary_key;portador;b.banco;SQLPSG/Dimensoes.sql
pw_portador;portador_codigo_pk;primary_key;portador;b.banco;SQLPSG/pw_portador.sql
pw_posicao_caixa;posicaocaixa_deposito_codigo_fk;foreign_key;deposito;p.pcadeposit;SQLPSG/pw_posicao_caixa.sql
pw_previsao;previsao_deposito_codigo_fk;foreign_key;deposito;een.pesdeposit;SQLPSG/pw_previsao.sql
pw_previsao;previsao_tipotitulo_codigo_fk;foreign_key;tipotitulo;een.prtipo;SQLPSG/pw_previsao.sql
pw_processo;processo_operacao_codigo_fk;foreign_key;operacao;proc.prccodig;SQLPSG/Dimensoes.sql
pw_processo;processo_operacao_codigo_fk;foreign_key;operacao;proc.prccodig;SQLPSG/pw_processo.sql
pw_processo;produto_codigo_fk;foreign_key;produto;proc.produto;SQLPSG/Dimensoes.sql
pw_processo;produto_codigo_fk;foreign_key;produto;proc.produto;SQLPSG/pw_processo.sql
pw_processo;processo_codigo_pk;primary_key;processo;proc.processo;SQLPSG/Dimensoes.sql
pw_processo;processo_codigo_pk;primary_key;processo;proc.processo;SQLPSG/pw_processo.sql
pw_produto;produto_classificacao_fiscal_codigo_fk;foreign_key;classificacao_fiscal;p.clascod;SQLPSG/pw_produto.sql
pw_produto;produto_grupo_produto_codigo_fk;foreign_key;grupo_produto;p.grupo;SQLPSG/Dimensoes.sql
pw_produto;produto_grupo_produto_codigo_fk;foreign_key;grupo_produto;p.grupo;SQLPSG/pw_produto.sql
pw_produto;produto_produto_base_codigo_fk;foreign_key;produto_base;p.produto);SQLPSG/Dimensoes.sql
pw_produto;produto_produto_base_codigo_fk;foreign_key;produto_base;p.produto);SQLPSG/pw_produto.sql
pw_produto;produto_subgrupo_produto_codigo_fk;foreign_key;subgrupo_produto;p.subgrupo;SQLPSG/Dimensoes.sql
pw_produto;produto_subgrupo_produto_codigo_fk;foreign_key;subgrupo_produto;'000'::text));SQLPSG/pw_produto.sql
pw_produto;produto_codigo_pk;primary_key;produto;p.produto;SQLPSG/Dimensoes.sql
pw_produto;produto_codigo_pk;primary_key;produto;p.produto;SQLPSG/pw_produto.sql
pw_produto_base;produtobase_codigo_pk;primary_key;produtobase;p.produto;SQLPSG/Dimensoes.sql
pw_produto_base;produtobase_codigo_pk;primary_key;produtobase;p.produto;SQLPSG/pw_produto_base.sql
pw_produto_historico_venda;produtohistoricovenda_pedido_venda_codigo_fk;foreign_key;pedido_venda;pp.pedido;SQLPSG/pw_produto_historico_venda.sql
pw_qualificacao;qualificacao_codigo_pk;primary_key;qualificacao;q.qualif;SQLPSG/pw_qualificacao.sql
pw_quinzena;quinzena_codigo_pk;primary_key;quinzena;'0'::text);SQLPSG/Dimensoes.sql
pw_quinzena;quinzena_codigo_pk;primary_key;quinzena;'0'::text);SQLPSG/pw_quinzena.sql
pw_redespacho;redespacho_codigo_pk;primary_key;redespacho;e.empresa;SQLPSG/pw_redespacho.sql
pw_regiao_abrangencia;regiao_abrangencia_codigo_pk;primary_key;regiao_abrangencia;a.abrcod;SQLPSG/pw_regiao_abrangencia.sql
pw_regiao_carga;regiaocarga_codigo_pk;primary_key;regiaocarga;r.rgccod;SQLPSG/Dimensoes.sql
pw_regiao_carga;regiaocarga_codigo_pk;primary_key;regiaocarga;r.rgccod;SQLPSG/pw_regiao_carga.sql
pw_regiao_custo;regiaocusto_codigo_pk;primary_key;regiaocusto;r.regiao;SQLPSG/pw_regiao_custo.sql
pw_regiao_venda;regiaovenda_codigo_pk;primary_key;regiaovenda;a.abrcod;SQLPSG/Dimensoes.sql
pw_regiao_venda;regiaovenda_codigo_pk;primary_key;regiaovenda;a.abrcod;SQLPSG/pw_regiao_venda.sql
pw_requisicoes_devolucoes_materiais;requisicoesdevolucoesmateriais_deposito_codigo_fk;foreign_key;deposito;t.prideposit;SQLPSG/pw_requisicoes_devolucoes_materiais.sql
pw_requisicoes_devolucoes_materiais;requisicoesdevolucoesmateriais_produto_codigo_fk;foreign_key;produto;t.priproduto;SQLPSG/pw_requisicoes_devolucoes_materiais.sql
pw_requisicoes_materiais;requisicoesmateriais_deposito_codigo_fk;foreign_key;deposito;t.prideposit;SQLPSG/pw_requisicoes_materiais.sql
pw_requisicoes_materiais;requisicoesmateriais_produto_codigo_fk;foreign_key;produto;t.priproduto;SQLPSG/pw_requisicoes_materiais.sql
pw_reserva_tempo;reservatempo_fase_producao_codigo_fk;foreign_key;fase_producao;r.rprfase;SQLPSG/pw_reserva_tempo.sql
pw_reserva_tempo;reservatempo_maquina_codigo_fk;foreign_key;maquina;r.rprmaq;SQLPSG/pw_reserva_tempo.sql
pw_reserva_tempo;reservatempo_operacao_codigo_fk;foreign_key;operacao;r.rproper;SQLPSG/pw_reserva_tempo.sql
pw_reserva_tempo;reservatempo_ordem_codigo_fk;foreign_key;ordem;r.rprordem;SQLPSG/pw_reserva_tempo.sql
pw_saldo_estoque;saldoestoque_custo_medio_codigo_fk;foreign_key;custo_medio;prod.produto::text || dep.deposito;SQLPSG/pw_saldo_estoque.sql
pw_saldo_estoque;saldoestoque_deposito_codigo_fk;foreign_key;deposito;dep.deposito;SQLPSG/pw_saldo_estoque.sql
pw_saldo_estoque;saldoestoque_produto_codigo_fk;foreign_key;produto;prod.produto;SQLPSG/pw_saldo_estoque.sql
pw_saldo_estoque;saldoestoque_saldo_fiscal_codigo_fk;foreign_key;saldo_fiscal;prod.produto::text || dep.deposito;SQLPSG/pw_saldo_estoque.sql
pw_saldo_fiscal;saldofiscal_codigo_pk;primary_key;saldofiscal;prod.produto::text || dep.deposito;SQLPSG/pw_saldo_fiscal.sql
pw_semana;semana_codigo_pk;primary_key;semana;'0'::text);SQLPSG/Dimensoes.sql
pw_semana;semana_codigo_pk;primary_key;semana;'0'::text);SQLPSG/pw_semana.sql
pw_semestre;semestre_codigo_pk;primary_key;semestre;'0'::text);SQLPSG/Dimensoes.sql
pw_semestre;semestre_codigo_pk;primary_key;semestre;'0'::text);SQLPSG/pw_semestre.sql
pw_subgrupo_produto;subgrupoproduto_conta_contabil_codigo_fk;foreign_key;conta_contabil;s.planoc;SQLPSG/pw_subgrupo_produto.sql
pw_subgrupo_produto;subgrupoproduto_codigo_pk;primary_key;subgrupoproduto;s.subgrupo;SQLPSG/Dimensoes.sql
pw_subgrupo_produto;subgrupoproduto_codigo_pk;primary_key;subgrupoproduto;'000'));SQLPSG/pw_subgrupo_produto.sql
pw_tabela_preco_item;tabelaprecoitem_codigo_pk;primary_key;tabelaprecoitem;SELECT	btrim(ti.ttpvcod || '-'::text) || btrim(ti.produto);SQLPSG/pw_tabela_preco_item.sql
pw_tabela_venda;tabelavenda_codigo_pk;primary_key;tabelavenda;tv.ttpvcod;SQLPSG/Dimensoes.sql
pw_tabela_venda;tabelavenda_codigo_pk;primary_key;tabelavenda;tv.ttpvcod;SQLPSG/pw_tabela_venda.sql
pw_tipo_assistencia;tipoassistencia_codigo_pk;primary_key;tipoassistencia;t.tacodi;SQLPSG/Dimensoes.sql
pw_tipo_assistencia;tipoassistencia_codigo_pk;primary_key;tipoassistencia;t.tacodi;SQLPSG/pw_tipo_assistencia.sql
pw_tipo_compra;tipocompra_codigo_pk;primary_key;tipocompra;t.tpctipo;SQLPSG/Dimensoes.sql
pw_tipo_compra;tipocompra_codigo_pk;primary_key;tipocompra;t.tpctipo;SQLPSG/pw_tipo_compra.sql
pw_tipo_grupo_produto;tipogrupoproduto_codigo_pk;primary_key;tipogrupoproduto;t.tgrucod;SQLPSG/Dimensoes.sql
pw_tipo_grupo_produto;tipogrupoproduto_codigo_pk;primary_key;tipogrupoproduto;t.tgrucod;SQLPSG/pw_tipo_grupo_produto.sql
pw_tipo_movimentacao;tipomovimentacao_codigo_pk;primary_key;tipomovimentacao;'N']);SQLPSG/Dimensoes.sql
pw_tipo_movimentacao;tipomovimentacao_codigo_pk;primary_key;tipomovimentacao;'N'::text]);SQLPSG/pw_tipo_movimentacao.sql
pw_tipo_orcamento;tipoorcamento_codigo_pk;primary_key;tipoorcamento;t.tpocodi;SQLPSG/pw_tipo_orcamento.sql
pw_tipo_ordem;tipoordem_codigo_pk;primary_key;tipoordem;t.tipoord;SQLPSG/Dimensoes.sql
pw_tipo_ordem;tipoordem_codigo_pk;primary_key;tipoordem;t.tipoord;SQLPSG/pw_tipo_ordem.sql
pw_tipo_titulo;tipotitulo_codigo_pk;primary_key;tipotitulo;tt.prtipo;SQLPSG/Dimensoes.sql
pw_tipo_titulo;tipotitulo_codigo_pk;primary_key;tipotitulo;tt.prtipo;SQLPSG/pw_tipo_titulo.sql
pw_tipo_titulo_sintetico;tipotitulosintetico_codigo_pk;primary_key;tipotitulosintetico;p.planoc;SQLPSG/Dimensoes.sql
pw_tipo_titulo_sintetico;tipotitulosintetico_codigo_pk;primary_key;tipotitulosintetico;p.planoc;SQLPSG/pw_tipo_titulo_sintetico.sql
pw_tipo_venda;tipovenda_codigo_pk;primary_key;tipovenda;t.tipoped;SQLPSG/Dimensoes.sql
pw_tipo_venda;tipovenda_codigo_pk;primary_key;tipovenda;t.tipoped;SQLPSG/pw_tipo_venda.sql
pw_titulo;titulo_cfop_codigo_fk;foreign_key;cfop;t.titoperaca;SQLPSG/pw_titulo.sql
pw_titulo;titulo_deposito_codigo_fk;foreign_key;deposito;t.titdepori;SQLPSG/pw_titulo.sql
pw_titulo;titulo_empresa_codigo_fk;foreign_key;empresa;t.titcfco;SQLPSG/pw_titulo.sql
pw_titulo;titulo_mod_cobranca_codigo_fk;foreign_key;mod_cobranca;t.titmodcobr;SQLPSG/pw_titulo.sql
pw_titulo;titulo_portador_codigo_fk;foreign_key;portador;t.titbanco;SQLPSG/pw_titulo.sql
pw_titulo;titulo_tipo_titulo_codigo_fk;foreign_key;tipo_titulo;t.tittipo;SQLPSG/pw_titulo.sql
pw_titulo;titulo_vendedor_codigo_fk;foreign_key;vendedor;"CASE
    WHEN com.comnvende IS NULL THEN 0
    ELSE com.comnvende::integer
  END";SQLPSG/pw_titulo.sql
pw_titulo;titulo_codigo_pk;primary_key;titulo;t.titulo;SQLPSG/pw_titulo.sql
pw_transacao;transacao_codigo_pk;primary_key;transacao;t.transacao;SQLPSG/Dimensoes.sql
pw_transacao;transacao_codigo_pk;primary_key;transacao;t.transacao;SQLPSG/pw_transacao.sql
pw_transacao_financeira;transacaofinanceira_codigo_pk;primary_key;transacaofinanceira;'9']);SQLPSG/Dimensoes.sql
pw_transacao_financeira;transacaofinanceira_codigo_pk;primary_key;transacaofinanceira;'9'::text]);SQLPSG/pw_transacao_financeira.sql
pw_transportadora;transportadora_codigo_pk;primary_key;transportadora;e.empresa;SQLPSG/pw_transportadora.sql
pw_trimestre;trimestre_codigo_pk;primary_key;trimestre;'0'::text);SQLPSG/Dimensoes.sql
pw_trimestre;trimestre_codigo_pk;primary_key;trimestre;'0'::text);SQLPSG/pw_trimestre.sql
pw_vendedor;vendedor_cidadevendedor_codigo_fk;foreign_key;cidadevendedor;v1.vencicod;SQLPSG/pw_vendedor.sql
pw_vendedor;vendedor_regiao_venda_codigo_fk;foreign_key;regiao_venda;v1.abrcod;SQLPSG/Dimensoes.sql
pw_vendedor;vendedor_regiao_venda_codigo_fk;foreign_key;regiao_venda;v1.abrcod;SQLPSG/pw_vendedor.sql
pw_vendedor;vendedor_codigo_pk;primary_key;vendedor;v1.vendedor;SQLPSG/Dimensoes.sql
pw_vendedor;vendedor_codigo_pk;primary_key;vendedor;v1.vendedor;SQLPSG/pw_vendedor.sql
vw_empresa;empresa_cidade_codigo_fk;foreign_key;cidade;e.empcidade;SQLPSG/vw_empresa.sql
vw_empresa;empresa_cidadecobranca_codigo_fk;foreign_key;cidadecobranca;e.empcidcob;SQLPSG/vw_empresa.sql
vw_empresa;empresa_grupo_economico_codigo_fk;foreign_key;grupo_economico;g.grecodigo;SQLPSG/vw_empresa.sql
vw_empresa;macro_regiao_codigo_fk;foreign_key;regiao;c.cmeabrcod;SQLPSG/vw_empresa.sql
vw_empresa;regiao_abrangencia_codigo_fk;foreign_key;abrangencia;c.cmeabrmcod;SQLPSG/vw_empresa.sql
vw_empresa;empresa_codigo_pk;primary_key;empresa;e.empresa;SQLPSG/vw_empresa.sql
wms_lote_rastreabilidade;loterastreabilidade_codigo_pk;primary_key;loterastreabilidade;l.ltracodig;SQLPSG/wms_lote_rastreabilidade.sql
wms_movimentos_lote_rastreabilidade;movimentosloterastreabilidade_movimento_loterastreabilidade_codigo_pk;primary_key;movimentosloterastreabilidade_movimento_loterastreabilidade;t.toqrasras;SQLPSG/wms_movimentos_lote_rastreabilidade.sql